insert into customer(id, name, amount) values(1, '라이언',100000000);
insert into customer(id, name, amount) values(2, '무지',100000000);
insert into customer(id, name, amount) values(3, '제이지',100000000);
insert into customer(id, name, amount) values(4, '콘',100000000);
insert into customer(id, name, amount) values(5, '튜브',100000000);
insert into customer(id, name, amount) values(6, '어피치',100000000);
insert into customer(id, name, amount) values(7, '춘식이',100000000);
insert into customer(id, name, amount) values(8, '피카츄',100000000);
insert into customer(id, name, amount) values(9, '이상해씨',100000000);
insert into customer(id, name, amount) values(10, '파이리',100000000);
insert into customer(id, name, amount) values(11, '꼬북이',100000000);


insert into room(room_id, room_Name) values('R0001','카카오프렌즈');
insert into room(room_id, room_Name) values('R0002','포켓몬');


insert into member(room_id, id, nick_name) values('R0001', 1, '팔불출 라이언');
insert into member(room_id, id, nick_name) values('R0001', 2, '무지 무지');
insert into member(room_id, id, nick_name) values('R0001', 3, '폭탄머리 제이지');
insert into member(room_id, id, nick_name) values('R0001', 4, '옥수수 콘');
insert into member(room_id, id, nick_name) values('R0001', 5, '튜브장인 튜브');
insert into member(room_id, id, nick_name) values('R0001', 6, '어차피 어피치');
insert into member(room_id, id, nick_name) values('R0001', 7, '막내 춘식이');

insert into member(room_id, id, nick_name) values('R0002', 1, '피카츄');
insert into member(room_id, id, nick_name) values('R0002', 2, '이상해씨');
insert into member(room_id, id, nick_name) values('R0002', 3, '파이리');
insert into member(room_id, id, nick_name) values('R0002', 4, '꼬북이');
